{"cameraMode":{"drawMode":0,"name":"Shaded","section":"Shading Mode"},"sceneLighting":false,"audioPlay":false,"sceneViewState":{"m_AlwaysRefresh":false,"showFog":true,"showSkybox":false,"showFlares":true,"showImageEffects":true,"showParticleSystems":true,"showVisualEffectGraphs":true,"m_FxEnabled":true},"in2DMode":false,"pivot":{"x":1.1298452615737916,"y":0.6054984331130981,"z":0.6966150999069214},"rotation":{"x":-0.11933767795562744,"y":0.2823939621448517,"z":-0.03542972728610039,"w":-0.9511881470680237},"size":0.9880666732788086,"orthographic":false}